submitted_at,email,member_at_id,token,Company Name,Main Contact,Role / Title of Main Contact,Company Description,Crafting Your Company Snapshot,MDS Offer,MDS Only Updated Offer,Event-Only Offer,MDS Summit Singapore 2026 Sponsorship Agreement,"Event Liability Waiver, Code of Ethics, NDA & Media Release",Email,First name,Last name,Phone number
2026-07-31T23:11:59+00:00,emily.wang@caelith.ai,,uz33qel24jf1g6o4kppyw8buz33qel29,StoreClaw,,BD Manager,"StoreClaw is the industry’s first AI growth engine for online retail. It connects with your sales channels to identify opportunities, optimize product listings, create content, manage advertising, and automate routine workflows. Rather than only making recommendations, StoreClaw completes real operational tasks with your approval at every step, helping brands save time while maintaining control.","Title: E-commerce ops in the AI era    Subtitle: Your AI operator for listings, ads, content, and daily store operations.",I will use the current offer on the MDS site.,1 month free + 25% of ULTRA,2 months free if clients sign up during the Summit,I have reviewed and agree to the Sponsorship Agreement,I have read the linked agreements and agree to all set terms,emily.wang@caelith.ai,Emily,Wang,+19496649845
2026-08-03T05:11:37+00:00,ephraim@tacticallogistic.com,reca8eVnLBmysS61g,aob047mbkzgh7o6wrw9aob0w958m1uwx,Tactical Logistic Solutions,,CLO,"Tactical Logistic Solutions is a technology-driven 3PL providing freight forwarding, customs clearance, drayage, warehousing, fulfillment, transportation, and reverse logistics. With 800,000+ sq. ft. of warehouse space near major U.S. ports, we deliver reliable, scalable supply chain solutions that reduce costs, improve efficiency, and help businesses grow with confidence.","Tactical Logistic Solutions, Your trusted 3PL partner for freight, warehousing, fulfillment, and transportation.",I'd like to provide an Event-Only Offer.,,"SplitSmart™ Launch Offer

Ship 10 pallets to Amazon FBA with SplitSmart™ and get your 10th pallet shipped FREE.",I have reviewed and agree to the Sponsorship Agreement,I have read the linked agreements and agree to all set terms,ephraim@tacticallogistic.com,Ephraim,Ausch,+13474614520
2026-08-04T11:51:45+00:00,info@prosperlytics.com,,7c77lp4e3d1ccjb0j6ux7c77l2yi4kse,Prosperlytics Consultants,,Partner,"Prosperlytics Consultants is a specialized finance and accounting partner for e-commerce businesses. We help Amazon, Shopify, Walmart, and other omnichannel brands with bookkeeping, financial reporting, product profitability, inventory accounting, indirect tax support (VAT, GST & Sales Tax), and exit-ready financials. Our goal is to provide founders with accurate financial insights that support better business decisions.","Title: More Than Bookkeeping
Subtitle: Your one-stop finance partner for e-commerce businesses.",I will use the current offer on the MDS site.,"Complimentary Financial Health Review

Receive a complimentary preliminary review of your financial statements and accounting processes. We'll prepare a Financial Health Review Report highlighting key observations across profitability, inventory & COGS, and financial reporting, along with practical recommendations to strengthen your finance function.","Lets use the earlier offer only 
Complimentary Financial Health Review

Receive a complimentary preliminary review of your financial statements and accounting processes. We'll prepare a Financial Health Review Report highlighting key observations across profitability, inventory & COGS, and financial reporting, along with practical recommendations to strengthen your finance function.",I have reviewed and agree to the Sponsorship Agreement,I have read the linked agreements and agree to all set terms,info@prosperlytics.com,Chirag,Singla,+918699244690
2026-08-04T17:47:29+00:00,ephraim@tacticallogistic.com,reca8eVnLBmysS61g,5hdmkaab1mr0su36nw5hdmkaabrosg7q,Tactical Logistic Solutions,,Chief Logistics Officer,"Tactical Logistic Solutions is an end-to-end logistics partner built for established e-commerce and retail brands. From freight forwarding, customs, drayage, and 3PL warehousing to D2C fulfillment and Amazon FBA delivery, Tactical keeps inventory moving from factory to shelf. Our SplitSmart™ solution helps Amazon sellers avoid placement fees, reach more fulfillment centers, and get inventory available for sale faster.","Title: Cut Placement Fees. Get Prime-Ready Faster.

Subtitle: One flat rate to split and deliver inventory across 5+ Amazon fulfillment centers.",I will use the current offer on the MDS site.,"SplitSmart promo: Ship 10 pallets, give the 10th free.","SplitSmart promo: Ship 10 pallets, give the 10th free.",I have reviewed and agree to the Sponsorship Agreement,I have read the linked agreements and agree to all set terms,ephraim@tacticallogistic.com,Ephraim,Ausch,+13474614520
2026-08-05T03:01:59+00:00,shabnam@credilinq.ai,,mb0ls1h30dei8oomb0ldglsiioyjtsp5,Credilinq A.I,,CMO,"CrediLinq’s mission is to empower digital-native businesses to scale through frictionless access to growth capital.

By analyzing real-time e-commerce performance, we provide tailored and transparent funding that moves at the speed of your business.

Trusted by over 10,000 businesses worldwide and an official global financial partner for Amazon and TikTok Shop, CrediLinq has deployed millions in capital to support ambitious e-commerce founders.","Growth capital designed for 7 to 9 figure founders.

Seamless, flexible and transparent funding on your terms to scale your ambitions further.",I'd like to provide an Event-Only Offer.,,"MDS Summit Singapore special: Access ~ 60% off at just 0.85% (2%) per month

(Note: 2% is struck through as the usual price)

→ Available to eligible US and UK registered e-commerce businesses with 12+ months of sales history on Shopify and/or marketplaces
→ First-time CrediLinq customers only
→ Applies to drawdowns of $50K/£50K+, for 3-6 month tenors",I have reviewed and agree to the Sponsorship Agreement,I have read the linked agreements and agree to all set terms,shabnam@credilinq.ai,Shabnam ,Mansukhani,+6596812064
2026-08-06T17:16:29+00:00,hammad.yousaf@oneoffgroup.com,rec9uFs767QxBQSMC,m0o2eudsvs3f5u7o71hbmm0o2e8ddfnp,One-Off Studios,,Managing Director,"One-Off Studios is a Marketplace Growth Agency specializing in TikTok Shop and Amazon. We help established brands build creator-led growth engines on TikTok Shop that compound revenue on Amazon. Major clients include NeuroGum, Beekeeper's Naturals, and Fly By Jing. Backed by 7+ years of eCommerce experience, we run a systemized, results-first delivery model built for brands scaling fast.","Title: The Marketplace Growth Agency
Subtitle: Building TikTok Shop growth engines that compound Amazon revenue.",I'd like to provide an Event-Only Offer.,,Free TikTok Shop Growth Audit + a complimentary affiliate Discord community build-out for brands who sign on within 30 days of the event.,I have reviewed and agree to the Sponsorship Agreement,I have read the linked agreements and agree to all set terms,hammad.yousaf@oneoffgroup.com,Hammad,Yousaf,+15713387551
2026-08-06T21:19:49+00:00,tamar@euka.ai,,atnv0h7j5k6u2niytatnvy3f4kt1w717,Euka AI,,VP Marketing,"Euka is the AI operating system that top TikTok Shop brands use to scale creator revenue. Ranked the #1 affiliate platform by TikTok Shop, Euka helps sellers discover creators across 4M+ profiles, automate outreach, run affiliate campaigns and contests, and turn creator programs into measurable GMV without adding headcount. Euka tracks 4B dollars+ in sales across 17,000+ stores, including six of the top ten TikTok Shop brands.","Title: The #1 operating system for TikTok Shop. 
Subtitle: Turn creators into your best revenue channel, on autopilot",I'd like to provide an Event-Only Offer.,,Will share later,I have reviewed and agree to the Sponsorship Agreement,I have read the linked agreements and agree to all set terms,tamar@euka.ai,Tamar,Yaniv,+19176337636
