submitted_at,email,member_at_id,*Full Name*,*What is your MDS account email?*,Payment — cardholder,Payment — last4,Payment — amount,Payment — completed,Preferred Phone Number (Call/SMS),Please share your niche of focus or business type,How important is it to be matched with members in the same niche or business type?,What are your day to day responsibilities in your company?,What are your day to day responsibilities in your company? (2),What are you looking for from your Squad?,What is your familial status?,How would you describe your personality/character traits?,What fellow members would you like to join in your Squad?,What's your TTM revenue?,Updating your membership profile https://app.mds.co/settings/edit,Updating your membership profile picture,"Participation will require being open about aspect of your business, family, and personal life?

[https://milliondollarsellers.wildapricot.org/Content/Events/Registration/I%20Understand%20&%20Agree](https://milliondollarsellers.wildapricot.org/Content/Events/Registration/I%20Understand%20&%20Agree)","Annual In Person Meeting

https://milliondollarsellers.wildapricot.org/Content/Events/Registration/I%20Agree%20&%20Understand","Requirements for Admission

https://milliondollarsellers.wildapricot.org/Content/Events/Registration/I%20Understand%20&%20Agree","NDA & Squad Policies

https://docs.google.com/document/d/1rBvY4VHU1lRJnsMyzMWuYKTKSyhf1zsJkkwZ9mdTpVU/edit?usp=sharing",token
2026-05-08T00:11:21+00:00,diego@zerotoonegroup.com,recnBkXuUTBb0BsXA,Diego Rivero,diego@zerotoonegroup.com,Diego M Rivero,4028,750.00,Yes,+13059043810,"Health, beauty, D2C (Shopify)",7,CEO,"Media buying, logistics, conversion, inbound and retention, web development, software development",Discussing new strategies related to scaling and profitability,['Single'],"['Open to new experiences', 'Extroverted', 'Motivated']",Any,$21M,Checkbox default description,https://api.typeform.com/forms/Frq5qQpG/responses/6r3146onlvqsny1ejrxyl6r3146o38rk/fields/t2oiNPC4vsDF/files/fbe4312b6254-IMG_5970.png,Checkbox default description,Checkbox default description,Checkbox default description,Checkbox default description,6r3146onlvqsny1ejrxyl6r3146o38rk
2026-05-11T20:24:40+00:00,alice@firstday.com,recmfal6gdRaJ459X,Alice Li,alice@firstday.com,Shuyan Li,1108,750.00,Yes,+16503536823,VMS,6,CEO,CEO,Growth,['Single'],"['Open to new experiences', 'Conscientious', 'Motivated', 'Need to be Challenged']",N/a,80m,Checkbox default description,https://api.typeform.com/forms/Frq5qQpG/responses/8c9npleizl68grqg8c9nplgi1glc3mof/fields/t2oiNPC4vsDF/files/08e7e506e155-Alice_headshot.jpg,Checkbox default description,Checkbox default description,Checkbox default description,Checkbox default description,8c9npleizl68grqg8c9nplgi1glc3mof
2026-05-12T23:57:33+00:00,chris@cgklinens.com,rec0tJrKQ2ICzX1uG,chris kjeldsen,chris@cgklinens.com,Nathalie Mannechia,7134,750.00,Yes,+17275038973,ecommerce/bedding,6,Everything,Monitoring revenue growth or anything esle urgent,friendship and business success,['Married/Engaged'],['Motivated'],Dunno,$300 mil,Checkbox default description,https://api.typeform.com/forms/Frq5qQpG/responses/0gyx7t3fagbj7oeb0gyx7he58d81q4ww/fields/t2oiNPC4vsDF/files/79f7e062609f-Screenshot_2026_05_12_at_7.57.06_PM.png,Checkbox default description,Checkbox default description,Checkbox default description,Checkbox default description,0gyx7t3fagbj7oeb0gyx7he58d81q4ww
2026-07-12T17:51:55+00:00,ptjoelg@gmail.com,recoV9uTh1BXwHXhN,Joel Gottehrer,ptjoelg@gmail.com,Joel Gottehrer,3007,750.00,Yes,+17188407246,wellness,8,Operations,"Operations, culture, org development","repeatable launch systems, cultivating a strong work culture, people systems",['Married/Engaged'],"['Open to new experiences', 'Motivated', 'Need to be Challenged', 'Agreeable']",Prefer members above 150m,200m,Checkbox default description,https://api.typeform.com/forms/Frq5qQpG/responses/sz5moomzrk2868s5wsz5moo17pd0b7ql/fields/t2oiNPC4vsDF/files/6d63d28c21d9-717e0e86_ee9f_4d46_a7ca_1ed3f11de9c3.jpeg,Checkbox default description,Checkbox default description,Checkbox default description,Checkbox default description,sz5moomzrk2868s5wsz5moo17pd0b7ql
