submitted_at,*We'll present you with some ideas that we have for next year. Please rank them from most to least impactful for our members and add any comments or suggestions in the following slides.*,"*What do you think about this initiative?*
TikTok Growth and Partner Program","*What do you think about this initiative?*
Peer-to-Peer Mentorship Program","*What do you think about this initiative?*
Monetizing Ecompreneur and Free Event Management","*What do you think about this initiative?*
Brand Incubator (Member to Member)","*What do you think about this initiative?*
Event Subscriptions and Recurring Event Revenue","*What do you think about this initiative?*
Hiring and Team Structure","*What do you think about this initiative?*
HR Benefit for members",*Rank these initiatives from most to least impactful*,Any other ideas that you'd like to add?,response_id
2025-12-16T16:11:55Z, ,I think it's smart to offer but does only apply to a small percentage of members,I think this would be great. The members are the power of this group and the collective knowledge should be leveraged,I don't really understand how this is different than what we already offer in MDS. Is this another group? a spin off?,I think this could be really helpful to new members,I hate this. Those that want to attend an event just pay to go. If you don't want to go then you don't pay for the event. Keep the overall membership costs of MDS reasonable.,"Yes, more MDS support is a good investment in membership dues",I've seen quite a few posts about how painful healthcare plans are for members. Could be interesting to look into an MDS group healthplan to leverage the membership base,"{""ids"": [""VzH8gK7nJjnC"", ""tOK8ndrk7ZPF"", ""iN75LAMalSeJ"", ""nfridW26MiGj"", ""27lkrnucfejz"", ""OjuBrZgfXOMH"", ""lGtP3qfY4TG5""], ""refs"": [""3d4dc4ff-daeb-43cc-ae6b-4b6df3299f77"", ""e120d04b-5be0-41a7-a5c3-cfedc42f425f"", ""3efb9c5e-af27-4334-be12-58f2898ce57e"", ""716f3c54-49f6-4d8b-8038-184165b3ccfa"", ""9ca65cd0-b781-471b-b65a-1be52fd3f5fe"", ""a3393bcc-f2bc-442d-8233-7c606e4c0dbc"", ""d629a63f-298a-4b24-a269-92a29c53527f""], ""labels"": [""Peer-to-Peer Mentorship Program"", ""Brand Incubator (Member to Member)"", ""TikTok Growth and Partner Program"", ""HR Benefit for members"", ""Hiring and Team Structure"", ""Monetizing Ecompreneur and Free Event Management"", ""Event Subscriptions and Recurring Event Revenue""]}",not at this time,8399kv4a7pndxeygr8399tbb3333wgad
2025-12-16T20:54:06Z, ,"I think this is better left to an agency, not MDS.","This makes a lot of sense, core community opportunity with lots to give and take from members.",Sounds interesting but would have to learn more about what it entails.,"Would suggest MDS avoid, could have negative repercussions when people lose money or put members at odds for several reasons.","Unnecessary, current system not broken.",Would have to understand what was involved.,I think this would be valuable for all members.,"{""ids"": [""27lkrnucfejz"", ""nfridW26MiGj"", ""VzH8gK7nJjnC"", ""iN75LAMalSeJ"", ""OjuBrZgfXOMH"", ""tOK8ndrk7ZPF"", ""lGtP3qfY4TG5""], ""refs"": [""9ca65cd0-b781-471b-b65a-1be52fd3f5fe"", ""716f3c54-49f6-4d8b-8038-184165b3ccfa"", ""3d4dc4ff-daeb-43cc-ae6b-4b6df3299f77"", ""3efb9c5e-af27-4334-be12-58f2898ce57e"", ""a3393bcc-f2bc-442d-8233-7c606e4c0dbc"", ""e120d04b-5be0-41a7-a5c3-cfedc42f425f"", ""d629a63f-298a-4b24-a269-92a29c53527f""], ""labels"": [""Hiring and Team Structure"", ""HR Benefit for members"", ""Peer-to-Peer Mentorship Program"", ""TikTok Growth and Partner Program"", ""Monetizing Ecompreneur and Free Event Management"", ""Brand Incubator (Member to Member)"", ""Event Subscriptions and Recurring Event Revenue""]}","Group Health Insurance offering? Is there some way for members to become ""employees"" and receive health insurance. I think many members are struggling to find affordable and good quality healthcare unless a spouse or members has a W9 corporate job.",kovpr8t7uvynke60tokovpr8tpujdnro
2025-12-19T04:03:59Z, ,"I think it's a bit risky because TikTok is uncharted territory where there is no real formula. It's a long slog and it definitely can work, but there's no guarantees. I think there's a big opportunity for disappointment and for people to feel ripped off.",I think this is a great opportunity for the community to feel closer together and be more tight-knit. I would love to be a part of this program and help out anybody that does need help. It reminds me of what MDS used to be when it first started.,"I'm not really understanding what this means, and so therefore I can't really give too much feedback on this initiative.","I think that this is extremely risky and kind of like VC and people will get FOMO, but the likelihood of this actually working is slim in my opinion.","I think that this is a pretty good idea. It's a good way for MDS to get reoccurring revenue and lock themselves in for the future. For people who know that they're going to go to events, to get discounts.",Sure!,I really like this idea because I think everybody needs better people.,"{""ids"": [""VzH8gK7nJjnC"", ""nfridW26MiGj"", ""iN75LAMalSeJ"", ""lGtP3qfY4TG5"", ""27lkrnucfejz"", ""OjuBrZgfXOMH"", ""tOK8ndrk7ZPF""], ""refs"": [""3d4dc4ff-daeb-43cc-ae6b-4b6df3299f77"", ""716f3c54-49f6-4d8b-8038-184165b3ccfa"", ""3efb9c5e-af27-4334-be12-58f2898ce57e"", ""d629a63f-298a-4b24-a269-92a29c53527f"", ""9ca65cd0-b781-471b-b65a-1be52fd3f5fe"", ""a3393bcc-f2bc-442d-8233-7c606e4c0dbc"", ""e120d04b-5be0-41a7-a5c3-cfedc42f425f""], ""labels"": [""Peer-to-Peer Mentorship Program"", ""HR Benefit for members"", ""TikTok Growth and Partner Program"", ""Event Subscriptions and Recurring Event Revenue"", ""Hiring and Team Structure"", ""Monetizing Ecompreneur and Free Event Management"", ""Brand Incubator (Member to Member)""]}","I'm a bit shocked that there is no initiative in here regarding artificial intelligence, because that is the biggest game changer. While we are going to be focusing on e-comm and TikTok and all these shiny coins, it is AI that is going to totally revolutionize this entire industry business. That should be the number one initiative for 2026. Also, you should have put the explanations of all these initiatives front and foremost, and then ask to rank it because I ranked it and then got all the understandings and would change my answers.",58fie6akp84vg22v39o58fie6adek3de
2026-01-08T18:21:00Z, ,Meh,Ok,Meh,Interesting,Meh,Meh,Meh,"{""ids"": [""VzH8gK7nJjnC"", ""tOK8ndrk7ZPF"", ""OjuBrZgfXOMH"", ""iN75LAMalSeJ"", ""lGtP3qfY4TG5"", ""27lkrnucfejz"", ""nfridW26MiGj""], ""refs"": [""3d4dc4ff-daeb-43cc-ae6b-4b6df3299f77"", ""e120d04b-5be0-41a7-a5c3-cfedc42f425f"", ""a3393bcc-f2bc-442d-8233-7c606e4c0dbc"", ""3efb9c5e-af27-4334-be12-58f2898ce57e"", ""d629a63f-298a-4b24-a269-92a29c53527f"", ""9ca65cd0-b781-471b-b65a-1be52fd3f5fe"", ""716f3c54-49f6-4d8b-8038-184165b3ccfa""], ""labels"": [""Peer-to-Peer Mentorship Program"", ""Brand Incubator (Member to Member)"", ""Monetizing Ecompreneur and Free Event Management"", ""TikTok Growth and Partner Program"", ""Event Subscriptions and Recurring Event Revenue"", ""Hiring and Team Structure"", ""HR Benefit for members""]}",,9bcu7qq7wuc5deb7l2ebl9bcu7qqnfsj
2026-01-08T19:29:42Z, ,I love this …,I think this is a good idea and you can do it in groups of max 3 ppl,Hmmm… what I liked about it is that it was free and can be a lead funnel for mds,This is a great idea - capitalism.com does something similar …. It’s a lot of work and they do 3 month class on learning how to prepare a pitch deck and how to pitch ect,I think it might be harder to get members to subscribe … maybe we can include it in their membership already and break it in to different tiers,I need to understand more,I don’t know,"{""ids"": [""iN75LAMalSeJ"", ""VzH8gK7nJjnC"", ""tOK8ndrk7ZPF"", ""lGtP3qfY4TG5"", ""OjuBrZgfXOMH"", ""27lkrnucfejz"", ""nfridW26MiGj""], ""refs"": [""3efb9c5e-af27-4334-be12-58f2898ce57e"", ""3d4dc4ff-daeb-43cc-ae6b-4b6df3299f77"", ""e120d04b-5be0-41a7-a5c3-cfedc42f425f"", ""d629a63f-298a-4b24-a269-92a29c53527f"", ""a3393bcc-f2bc-442d-8233-7c606e4c0dbc"", ""9ca65cd0-b781-471b-b65a-1be52fd3f5fe"", ""716f3c54-49f6-4d8b-8038-184165b3ccfa""], ""labels"": [""TikTok Growth and Partner Program"", ""Peer-to-Peer Mentorship Program"", ""Brand Incubator (Member to Member)"", ""Event Subscriptions and Recurring Event Revenue"", ""Monetizing Ecompreneur and Free Event Management"", ""Hiring and Team Structure"", ""HR Benefit for members""]}",,4kisnqx5071ktnrhkrv34kisnq5dkh4r
2026-01-08T21:53:08Z, ,This seems like a good program,I really like this one,I would need to learn more about this one,Good idea though needs to be monitored properly as could go off the rails easily,"I do like this one, predictable costs are always good",I think some more clarity by members/chapter leads on the org structure of MDS and where the gaps are would be helpful,Would have to learn more,"{""ids"": [""VzH8gK7nJjnC"", ""lGtP3qfY4TG5"", ""27lkrnucfejz"", ""iN75LAMalSeJ"", ""tOK8ndrk7ZPF"", ""OjuBrZgfXOMH"", ""nfridW26MiGj""], ""refs"": [""3d4dc4ff-daeb-43cc-ae6b-4b6df3299f77"", ""d629a63f-298a-4b24-a269-92a29c53527f"", ""9ca65cd0-b781-471b-b65a-1be52fd3f5fe"", ""3efb9c5e-af27-4334-be12-58f2898ce57e"", ""e120d04b-5be0-41a7-a5c3-cfedc42f425f"", ""a3393bcc-f2bc-442d-8233-7c606e4c0dbc"", ""716f3c54-49f6-4d8b-8038-184165b3ccfa""], ""labels"": [""Peer-to-Peer Mentorship Program"", ""Event Subscriptions and Recurring Event Revenue"", ""Hiring and Team Structure"", ""TikTok Growth and Partner Program"", ""Brand Incubator (Member to Member)"", ""Monetizing Ecompreneur and Free Event Management"", ""HR Benefit for members""]}","Maybe worth doing a partner/vendor refresh, and a reprioritization of where everyone's focus is given how much the market has changed in 2025",33y71scz2m24zod33y7e55wc1u28pe89
2026-01-09T08:48:47Z, ,Interesting,Great Idea. I'm 100% into it,Not sure to get the point here,Why not. Could be a fun bonus for the community,ok,,not a priority to me,"{""ids"": [""VzH8gK7nJjnC"", ""iN75LAMalSeJ"", ""lGtP3qfY4TG5"", ""27lkrnucfejz"", ""tOK8ndrk7ZPF"", ""OjuBrZgfXOMH"", ""nfridW26MiGj""], ""refs"": [""3d4dc4ff-daeb-43cc-ae6b-4b6df3299f77"", ""3efb9c5e-af27-4334-be12-58f2898ce57e"", ""d629a63f-298a-4b24-a269-92a29c53527f"", ""9ca65cd0-b781-471b-b65a-1be52fd3f5fe"", ""e120d04b-5be0-41a7-a5c3-cfedc42f425f"", ""a3393bcc-f2bc-442d-8233-7c606e4c0dbc"", ""716f3c54-49f6-4d8b-8038-184165b3ccfa""], ""labels"": [""Peer-to-Peer Mentorship Program"", ""TikTok Growth and Partner Program"", ""Event Subscriptions and Recurring Event Revenue"", ""Hiring and Team Structure"", ""Brand Incubator (Member to Member)"", ""Monetizing Ecompreneur and Free Event Management"", ""HR Benefit for members""]}",,oncppwxmkv579a7a9goncppxhcvuks1b
2026-01-12T09:55:23Z, ,We don't do much on tik tok but I think its a great idea and will be very popular,sounds great if you can get it to work.  i'd sign up as a mentee for sure,sounds like a good idea to open things up a bit,would be great if you could pull it off but sounds like a lot of work and a lot of ways for it to go wrong,would need more detail to give you an opinion on it,so each chapter has a dedicated team member?  if so good idea if they are high quality,i don't have any HR so would be good for me at my company,"{""ids"": [""OjuBrZgfXOMH"", ""iN75LAMalSeJ"", ""VzH8gK7nJjnC"", ""tOK8ndrk7ZPF"", ""lGtP3qfY4TG5"", ""27lkrnucfejz"", ""nfridW26MiGj""], ""refs"": [""a3393bcc-f2bc-442d-8233-7c606e4c0dbc"", ""3efb9c5e-af27-4334-be12-58f2898ce57e"", ""3d4dc4ff-daeb-43cc-ae6b-4b6df3299f77"", ""e120d04b-5be0-41a7-a5c3-cfedc42f425f"", ""d629a63f-298a-4b24-a269-92a29c53527f"", ""9ca65cd0-b781-471b-b65a-1be52fd3f5fe"", ""716f3c54-49f6-4d8b-8038-184165b3ccfa""], ""labels"": [""Monetizing Ecompreneur and Free Event Management"", ""TikTok Growth and Partner Program"", ""Peer-to-Peer Mentorship Program"", ""Brand Incubator (Member to Member)"", ""Event Subscriptions and Recurring Event Revenue"", ""Hiring and Team Structure"", ""HR Benefit for members""]}",just to say its probably best to have less initiatives and execute them well than try to do too much,kxzbg887tt9cw01kxzse64retno18n49
