submitted_at,Full name,Email,"Opt-in to receive reminders for the
Accelerator Channel",response_id
2026-07-02T16:59:58Z,Larry Huang,lhh987@gmail.com,Checkbox default description,45ngxv2ulv5z17mzni4r45ngxh21xhxj
2026-07-02T17:49:44Z,shiko nahum,shikonahum@gmail.com,Checkbox default description,vcb0og2xe4zjwip2yvcb0ogzw99p0mp6
2026-07-02T18:03:30Z,Gil Yim,gil@alvogolf.com,Checkbox default description,7d1zeh07e5bl3a7d1ze5cfw5b0avp0jx
2026-07-02T22:32:26Z,Grant Yim,grant@stripebird.com,Checkbox default description,1rk3xmok03n0ystb1rk3xydt41pkawjm
2026-07-03T14:29:19Z,Colin Post,colin@peruviannaturals.com,Checkbox default description,ev2ysf62g9sv2hvfynqh4ev2ysjep5l1
2026-07-07T17:42:49Z,Curt Lee,curt@amanakbrands.com,Checkbox default description,jnao4yhqw3p5wcsma18ujnao4dz7da5z
2026-07-31T15:01:26Z,Will Butera,will@kickblockproducts.com,Checkbox default description,s12xu6k7q4qry60drdv1s12xu68sjtwg
2026-08-05T20:31:33Z,Kathleen McAneany,shoplarkinroad@gmail.com,Checkbox default description,uk98wxgv03t7gm922uk98wxgvafl9vaz
