submitted_at,What's your full name?,What's your email?,Advisory Council Agreement,checkbox_agreetopolicies_fldzDdXTcu3weaH3H,3c9b5ea1-c96d-4c77-97ff-683cbac8c7ae,response_id
2020-08-04T17:08:26Z,eugene,eugenekhayman@gmail.com,,"{""ids"": [""NQyPliEEOd7g""], ""refs"": [""1e489d2f-7c0b-4c16-8e30-41cbc40d1442""], ""labels"": [""Advisory Council Agreement""]}",1991-06-16T00:00:00.000Z,kmwfkffpu5kejsmic9ukmwfkfahfnbm5
2020-08-04T17:13:36Z,Hasan Hasmani,hasan@underdoggames.com,,"{""ids"": [""NQyPliEEOd7g""], ""refs"": [""1e489d2f-7c0b-4c16-8e30-41cbc40d1442""], ""labels"": [""Advisory Council Agreement""]}",2020-08-04T00:00:00.000Z,zjrncfe9y5jwhc0hxdzjrnbqu5hczu4c
2020-08-04T21:38:08Z,Christine Krogue,christine@mamamoonboutique.com,,"{""ids"": [""NQyPliEEOd7g""], ""refs"": [""1e489d2f-7c0b-4c16-8e30-41cbc40d1442""], ""labels"": [""Advisory Council Agreement""]}",2020-08-04T00:00:00.000Z,gaq1hy6346rcxpjh2hsgaq1zbkkyd72r
2020-08-04T23:15:09Z,Jason Pratt,jason@halobrands.net,,"{""ids"": [""NQyPliEEOd7g""], ""refs"": [""1e489d2f-7c0b-4c16-8e30-41cbc40d1442""], ""labels"": [""Advisory Council Agreement""]}",2020-08-04T00:00:00.000Z,zaka3b3wdl878a9xcf4kzaka3bj0qpc4
2020-08-05T12:03:53Z,Travis Schwartz,travis@explosivebranding.com,,"{""ids"": [""NQyPliEEOd7g""], ""refs"": [""1e489d2f-7c0b-4c16-8e30-41cbc40d1442""], ""labels"": [""Advisory Council Agreement""]}",2020-08-05T00:00:00.000Z,sndm36mkd6wfmq2xordf4sndm36mpn3m
2020-08-05T23:29:46Z,Alexandria Mills,alex@gramercykitchen.co,,"{""ids"": [""NQyPliEEOd7g""], ""refs"": [""1e489d2f-7c0b-4c16-8e30-41cbc40d1442""], ""labels"": [""Advisory Council Agreement""]}",2020-08-05T00:00:00.000Z,fn4tylttdyonzfn4frssv7b5s5k6w1fr
2020-08-10T00:59:09Z,Jason Pratt,jason@halobrands.net,,"{""ids"": [""NQyPliEEOd7g""], ""refs"": [""1e489d2f-7c0b-4c16-8e30-41cbc40d1442""], ""labels"": [""Advisory Council Agreement""]}",2020-08-09T00:00:00.000Z,ofjkxg34wtj6lhutaofjkx2r8wzqc1b5
2021-08-02T15:39:21Z,Brian Kelsey,brian.exile@gmail.com,,"{""ids"": [""NQyPliEEOd7g""], ""refs"": [""1e489d2f-7c0b-4c16-8e30-41cbc40d1442""], ""labels"": [""Advisory Council Agreement""]}",2021-08-02T00:00:00.000Z,hg5mp6jtnpzpjy2njphg5mpqa8sf1ydy
2021-09-13T16:32:38Z,Leslie Pierson,leslie@goodhangups.com,,"{""ids"": [""NQyPliEEOd7g""], ""refs"": [""1e489d2f-7c0b-4c16-8e30-41cbc40d1442""], ""labels"": [""Advisory Council Agreement""]}",2021-09-13T00:00:00.000Z,20999ndzy8mnhd3pk92099987rahynf2
