submitted_at,Business Branding & Identity Questionnaire,Enter your business name,Story Behind Your Business,Business Backstory,Ultimate Vision,Top Three Goals,Audience & Connection,Describe your ideal customer,Customer Emotions,Customer Experience,Brand Personality and Voice,Personality Description,Character Inspiration,Brand Communication,Language and Style,Visual Identity,Admired Brands,Inspirational Sources,Colors and Shapes,Imagery Style:,Brand expereince,Memorable Interaction,Customer Memory,Brand Legacy,Future Perception,Additional Inspiration,Competitors,response_id
2024-07-29T17:47:15Z,,Ecom Hire Hub,"At MDS, we noticed our community members often struggled to quickly find the right talent, impacting their growth. To address this, we created MDS Recruiting Extra, a service that offers a ready-to-access talent pool with pre-vetted candidates for in-demand roles.

Our goal is to streamline the hiring process, making it easier for you to connect with qualified professionals who are aligned with your business needs. MDS Recruiting Extra simplifies recruitment, allowing you to enhance your team with confidence and ease.","The ""Solver"": In a bustling e-commerce marketplace, MDS Recruiting Extra emerged to solve a common challenge: finding the right talent quickly. Recognizing this need, MDS became a bridge between businesses and skilled professionals, creating a ready-to-access talent pool of pre-vetted candidates.","In 5-10 years, I envision MDS Recruiting Extra becoming a premier recruitment solution in the e-commerce sector, known for its efficiency and reliability. We aim to expand our talent pool to cover a wider range of specialized roles, ensuring that we can meet the evolving needs of our community members.","Enhanced Talent Matching: We strive to refine our talent pool and vetting processes to provide even more accurate and relevant matches between candidates and businesses.

Technological Innovation: We aim to integrate cutting-edge technology, such as AI and data analytics, into our recruitment services. 

Community Engagement and Growth: We are committed to building a vibrant community around our brand, offering resources, events, and networking opportunities that support the growth and development of both businesses and talent.",,MDS Members,"Confidence, Support, Quality, Quickness.",Members with Open roles that need to cover quick.,,"Approachable, Professional, Innovative, Dependable.",n/a,"MDS Recruiting Extra should speak to its audience in a professional yet approachable tone. The communication style should be conversational and supportive, making customers feel comfortable and understood.",I think we can work with what MDS does.,,https://www.deel.com/paid-lp/eor?cq_src=google_ads&cq_cmp=20792898701&cq_term=employer%20of%20record%20services&cq_plac=&cq_net=g&cq_plt=gp&campaign_name=latam-t2_acq_searchnonbranded_google_search_EOR--_gheor_all&utm_source=google&utm_medium=paid-search&utm_campaign=20792898701&utm_content=156268976096&utm_term=employer%20of%20record%20services&hsa_acc=3934198784&hsa_cam=20792898701&hsa_grp=156268976096&hsa_ad=681624843594&hsa_src=g&hsa_tgt=kwd-918913371&hsa_kw=employer%20of%20record%20services&hsa_mt=b&hsa_net=adwords&hsa_ver=3&gad_source=1&gclid=CjwKCAjwko21BhAPEiwAwfaQCLu-mLvRJbG13ke-Y-G53GCV36fRi3HoFVyYr02vw5wGssXeZ_3SIBoC3rwQAvD_BwE,n/a,I would say something light and clean.,"GenZ, young, remote, digital-nomad style.",,"Automated, Clear timeline, Effective...",Value-Added: Members should feel that their experience with MDS Recruiting Extra added real value to their business by providing high-quality candidates and improving their overall recruitment process.,"Fostering a Thriving Community: We want to be seen as more than just a service provider; our brand should be remembered for building a strong, supportive community where businesses and professionals connect, collaborate, and thrive.",The Go-To Recruitment Partner: A trusted and reliable choice for members seeking top-tier talent in the e-commerce sector.,,n/a,yo8v2qbqnsnilzt60hyo8vzf333syvxk
2024-07-30T23:04:06Z,,ecomerhirehub.com,"Founded to bridge the talent gap in the e-commerce industry, we provide tailored recruitment solutions that empower businesses to grow and innovate.","In a world of digital commerce, ""The Connector"" emerges as a vital guide, understanding the struggles of e-commerce entrepreneurs searching for the right talent. Setting out on a global journey, The Connector gathers a diverse network of skilled professionals, becoming a trusted bridge between innovative businesses and capable individuals.","In 5-10 years, we envision our business as a leading global hub for e-commerce talent, renowned for connecting skilled professionals with innovative companies.","Expand Our Network: Grow our global talent pool.

Build Strong Partnerships: Become the trusted partner with e-commerce businesses in talent acquisition and team building.",,"Our ideal customer is a skilled professional seeking growth opportunities in the e-commerce industry.   They are often tech-savvy, with a keen interest in digital trends.",They should feel confident that they are connecting with a trusted partner who understands their career aspirations and is dedicated to helping them find the perfect opportunity.,"Our ideal customer, an aspiring e-commerce professional, who likes to stay informed and inspired, checking for job opportunities from our brand.",,"Their personality would be described as supportive, innovative, trustworthy, approachable, and insightful.","Jeff Bezos, founder of Amazon, represents our forward-thinking and insightful approach, as he revolutionized e-commerce and influenced recruitment strategies with a focus on efficiency and talent development.","We aim to be approachable and relatable, while also positioning ourselves as a trusted point of reference for unique job opportunities in the e-commerce space.","To Use:
""Unlock your potential"" - Encouraging personal and professional growth.
""Exclusive opportunities"" - Highlighting unique job offerings.
""Connect with industry leaders"" - Emphasizing networking and learning.
""Innovative careers"" - Promoting cutting-edge roles in e-commerce.
""Tailored job matches"" - Personalizing the job search experience.

To Avoid:

Overly technical HR jargon (e.g., ""talent acquisition funnel,"" ""ATS integration"") - To keep communication accessible.
Slang or overly casual language (e.g., ""gig,"" ""hustle"") - To maintain professionalism.
Negative or fear-based language (e.g., ""Don't miss out,"" ""Last chance"") - To foster a positive, encouraging environment.",,"1. Airbnb: Airbnb's visual identity is warm, welcoming, and globally inclusive
2. Slack:Slack's visual identity is vibrant and playful, which mirrors its mission to make work communication more enjoyable.
3. Indeed: Indeed's visual identity is straightforward and user-friendly, emphasizing accessibility and efficiency in job searching.",Yayoi Kusama's - Infinity Mirrors,"Colors: Blue, Green, White.
Shapes: Rounded Edges, Simple Geometric Shapes.","Photography: 
Professional and Authentic: Use of candid, natural images of diverse individuals in work environments, reflecting real-world scenarios and inclusivity. 
Bright and Clean: Photos with ample natural light, clean backgrounds, and minimal distractions to convey clarity, openness, and a positive atmosphere.

Illustrations:

Modern and Minimalist: Simple, vector-based illustrations that are clean and modern. 
Simple and Intuitive: Use of clear, easily recognizable icons to enhance user navigation and understanding. Icons can represent key concepts such as job search, application processes, and career resources.",,"A candidate had a memorable experience on a job platform when they found a unique job opportunity that wasn't available elsewhere. This exclusive opportunity led them to secure a position, highlighting the platform's value in providing access to specialized roles that others miss.","They should recall finding unique job opportunities that advanced their careers, facilitated by a seamless and user-friendly process.",We want our brand's legacy to be recognized for adding significant value by connecting talent with exclusive opportunities in the e-commerce sector.,We aim to be recognized for providing unique and high-quality job opportunities that aren't available elsewhere.,,"Our main competitors in the recruitment space include platforms like LinkedIn, Indeed, and Glassdoor. While these platforms offer extensive job listings and networking opportunities, our brand differentiates itself in several key ways: Exclusive Opportunities and Focus on E-commerce.",ugp4rb3mmbnz3vugp4rrzq601jtrnrm5
