submitted_at,Please Select your Chapter,Event Date,Event Start Time,Event End Time,Please provide as many details of the  event timeline as you can,Please provide venue Name and Address,What is the maximum capacity of the space?,Is member ticket paid or free,Cost of Member Ticket,Are guests allowed?,Is guest ticket paid or free?,Cost of Guest Ticket,Who should we send branding material to?,Please confirm the address to which we should send the branding material:,Please provide any additional comments,0165109f-0058-4cf8-9540-3c5f89446dfe,8cc8d1ca-6c09-418a-8932-6e0c89e9b048,85189bbf-b457-4934-ad91-69f1ddf72164,427e83e6-808d-44d4-b8ac-9b91bd06a199,93e6f56a-0f84-4325-88bb-0aceffdebc29,aa0c57ce-3dd7-4b68-84a2-0e71e4528e81,response_id
2025-10-09T15:15:51Z,Las vegas,,,,,,,,,,,,,,,,,,,,,ilfbysl759kkavx31fvilfbypm3760zf
2025-10-09T16:37:18Z,Pacific Northwest,2025-12-11T00:00:00.000Z,6:30,10,"6:30 Guest Arrivals/Drinks
7-7:30 Food Service Time
9:30-10pm Dinner is over, people can move to drinks in the lounge if desired","Terminal City Club - 837 West Hastings Street, Vancouver, BC, V6C 1B6",30,Free,,True,Free,,,,,63 Keefer Place,Vancouver,BC,v6b 6n6,CA,Unit 2608,799ltithqjy40plgv02799ltiyca4kzg
2025-10-09T16:52:27Z,NorTex,2025-12-11T00:00:00.000Z,6:00 PM,10:00 PM,6:00 Dinner,TBD,20,Free,,True,Free,,,,,5933 Gemstone Place,Plano,Texas,75093,US,,cwls0q7cvl0ptmtn4etcwl2p2wht6hcn
2025-10-27T17:20:39Z,Las vegas,2025-12-04T00:00:00.000Z,7pm,10pm,,"Play Playground. 3900 S Las Vegas Blvd, Las Vegas, NV 89119",36,Free,,True,Free,,,,It’ll be a night of fun group activities and food. Be prepared to be active. There are several physical games to play.,5856 Angelic Dreams Ct,Las Vegas ,NV,89149,,,orwrvqxgtsz9nnorwrvsuhs4yvbeht0p
2025-10-28T19:14:09Z,New York,2025-12-04T00:00:00.000Z,Same as last year,same as last year,TBD,Working on finalizing spot,65,Free,,True,Free,,,,,,,,,,,vwlnmprgqtrvpzoyusovwlnmp7tc15bb
2025-10-29T15:18:17Z,UK,2025-11-14T00:00:00.000Z,0945,2200,"0945 meet
1000 boardroom session 1
1230-1330 lunch
1330-1700 boardrooom session 2
1700-2100 dinner and drinks","MYO 123 Victoria Street
2nd Floor, 123 Victoria St, London SW1E 6DE",12,Free,,,,,,,"We already have a banner etc 
We will have lunch in the meeting room
The venue can provide us lunch
We are working on a dinner reservation 
We will go out for drinks after that 
We will let members book first then let guests come if there is space.  We will only allow employees and business partners.
We want to charge guests £95 for the boardroom and dinner",29 Woodruff Avenue,Brighton,East Sussex,BN3 6PG,UK,,0q4p6sw4sqb4d0m70euz0q4p61rrrfja
