submitted_at,Full name,Email,Opt-in to receive monthly call reminders for the Large SKU Channel,response_id
2026-04-21T16:08:16Z,Matt Bertrand,matt@enalasgroup.com,Checkbox default description,guw3tyupjcxksewyguwhmul3fea6jlfa
2026-04-22T09:19:17Z,Charlie Phillips,charlie@central23.co,Checkbox default description,hyte5xxofofa3uwhyte5xe134tnwxcma
2026-04-22T17:49:29Z,ALI SARBAND,maple4x4@gmail.com,Checkbox default description,2oexgoftz8j8vbhyrt2oex7jawe8jfux
2026-06-08T22:54:21Z,Peter Weisberg,pete@zocoproducts.com,Checkbox default description,pyb1uyfbb46y05750q2pyb1uy4ylcri2
2026-06-11T22:22:24Z,Julian De Salay,jdesalay@jbofficesolutions.com,Checkbox default description,olgde245nsiyta6trolgdvz73qj82toy
2026-06-12T03:25:21Z,William Langford,william@norpacpet.com,Checkbox default description,dogyc8h1aw9js3edogynzp5kzxw0t13m
2026-06-13T14:31:53Z,Sohail Chaudhry,chaudhrysohail@gmail.com,Checkbox default description,5rvay8p98qiww615rvf28am74dd111wf
2026-06-28T13:00:36Z,linn sundin,linn@ausourcer.com,Checkbox default description,yojp8hrr8zo9y5n6kbtnyojp8qcceb5l
2026-06-29T22:39:52Z,Shea Smith,shea@making-believe.com,Checkbox default description,ap8a2lhh0k2cndeyap8a2c7yra7hm9lr
