submitted_at,"We got a ROOM DISCOUNT at the Cosmopolitan, if you'd like us to do a rooming reservation on their behalf using the available discounts please fill out your room dates",Cancelation fee may be applied to your WA account if applicable.,response_id
2023-02-08T18:54:28Z,"{""ids"": [""NhCySXmeHhRC"", ""2gYDyFrnxjBC""], ""refs"": [""85c71fd4-934a-4eb5-9b50-b5684e20bc63"", ""c363106e-fb6a-4d3d-8c4f-187dea715b73""], ""labels"": [""March 11 Saturday$585/night discounted secured rate"", ""March 13 Monday$169/night discounted secured rate""]}",Understood and Agree,th8g3ry3cclbq4wth827q7tqp73vhszr
2023-02-08T19:01:48Z,"{""ids"": [""NhCySXmeHhRC"", ""DUsb3aghMWEO"", ""2gYDyFrnxjBC""], ""refs"": [""85c71fd4-934a-4eb5-9b50-b5684e20bc63"", ""44ea28b3-323e-4ea1-9672-64365123e97a"", ""c363106e-fb6a-4d3d-8c4f-187dea715b73""], ""labels"": [""March 11 Saturday$585/night discounted secured rate"", ""March 12 Sunday$169/night discounted secured rate"", ""March 13 Monday$169/night discounted secured rate""]}",Understood and Agree,m2021jgnzhnarj0m6o7am2021su3sn8i
2023-02-08T19:03:03Z,"{""ids"": [""NhCySXmeHhRC"", ""DUsb3aghMWEO"", ""2gYDyFrnxjBC""], ""refs"": [""85c71fd4-934a-4eb5-9b50-b5684e20bc63"", ""44ea28b3-323e-4ea1-9672-64365123e97a"", ""c363106e-fb6a-4d3d-8c4f-187dea715b73""], ""labels"": [""March 11 Saturday$585/night discounted secured rate"", ""March 12 Sunday$169/night discounted secured rate"", ""March 13 Monday$169/night discounted secured rate""]}",Understood and Agree,ksgxdzhmukynn1ctoksgxdzh8tcrcyj2
2023-02-08T19:05:21Z,"{""ids"": [""NhCySXmeHhRC"", ""DUsb3aghMWEO"", ""2gYDyFrnxjBC""], ""refs"": [""85c71fd4-934a-4eb5-9b50-b5684e20bc63"", ""44ea28b3-323e-4ea1-9672-64365123e97a"", ""c363106e-fb6a-4d3d-8c4f-187dea715b73""], ""labels"": [""March 11 Saturday$585/night discounted secured rate"", ""March 12 Sunday$169/night discounted secured rate"", ""March 13 Monday$169/night discounted secured rate""]}",Understood and Agree,4bi77pfejjr1fs8yjw84bi77p1neneq4
2023-02-08T19:13:59Z,"{""ids"": [""LrsFVbF1v2Kg"", ""2gYDyFrnxjBC"", ""DUsb3aghMWEO"", ""rDGWJYT1HJ7u""], ""refs"": [""fbcbcbb1-c5ad-4805-9c7a-ae24c386f223"", ""c363106e-fb6a-4d3d-8c4f-187dea715b73"", ""44ea28b3-323e-4ea1-9672-64365123e97a"", ""01GRS1ZMH563T6JCW28P22C67Y""], ""labels"": [""March 15 Wednesday *cost at hotel prevailing rate"", ""March 13 Monday$169/night discounted secured rate"", ""March 12 Sunday$169/night discounted secured rate"", ""March 10 Friday *cost at hotel prevailing rate""]}",Understood and Agree,3iv8119td3upj1pb8j3ivmw8zu1hbpl7
2023-02-08T19:25:36Z,"{""ids"": [""rDGWJYT1HJ7u"", ""DUsb3aghMWEO"", ""5w1IhLTBHs3i""], ""refs"": [""01GRS1ZMH563T6JCW28P22C67Y"", ""44ea28b3-323e-4ea1-9672-64365123e97a"", ""7e0a5aed-741b-4577-82a5-7dd82121c0a4""], ""labels"": [""March 10 Friday *cost at hotel prevailing rate"", ""March 12 Sunday$169/night discounted secured rate"", ""March 14 Tuesday *cost at hotel prevailing rate""]}",Understood and Agree,4sujzqye6374sdg9fv6hvr4sujzqye1v
2023-02-08T19:26:42Z,"{""ids"": [""rDGWJYT1HJ7u"", ""DUsb3aghMWEO"", ""2gYDyFrnxjBC"", ""5w1IhLTBHs3i""], ""refs"": [""01GRS1ZMH563T6JCW28P22C67Y"", ""44ea28b3-323e-4ea1-9672-64365123e97a"", ""c363106e-fb6a-4d3d-8c4f-187dea715b73"", ""7e0a5aed-741b-4577-82a5-7dd82121c0a4""], ""labels"": [""March 10 Friday *cost at hotel prevailing rate"", ""March 12 Sunday$169/night discounted secured rate"", ""March 13 Monday$169/night discounted secured rate"", ""March 14 Tuesday *cost at hotel prevailing rate""]}",Understood and Agree,0ko5yo7ajy9t710dsvth00ko5yo7apmk
2023-02-08T19:29:35Z,"{""ids"": [""rDGWJYT1HJ7u"", ""DUsb3aghMWEO"", ""2gYDyFrnxjBC""], ""refs"": [""01GRS1ZMH563T6JCW28P22C67Y"", ""44ea28b3-323e-4ea1-9672-64365123e97a"", ""c363106e-fb6a-4d3d-8c4f-187dea715b73""], ""labels"": [""March 10 Friday *cost at hotel prevailing rate"", ""March 12 Sunday$169/night discounted secured rate"", ""March 13 Monday$169/night discounted secured rate""]}",Understood and Agree,4o0uq05lfjwqshg4a7fg294o0uq05wer
2023-02-08T19:43:14Z,"{""ids"": [""rDGWJYT1HJ7u"", ""NhCySXmeHhRC"", ""2gYDyFrnxjBC"", ""LrsFVbF1v2Kg""], ""refs"": [""01GRS1ZMH563T6JCW28P22C67Y"", ""85c71fd4-934a-4eb5-9b50-b5684e20bc63"", ""c363106e-fb6a-4d3d-8c4f-187dea715b73"", ""fbcbcbb1-c5ad-4805-9c7a-ae24c386f223""], ""labels"": [""March 10 Friday *cost at hotel prevailing rate"", ""March 11 Saturday$585/night discounted secured rate"", ""March 13 Monday$169/night discounted secured rate"", ""March 15 Wednesday *cost at hotel prevailing rate""]}",Understood and Agree,lbssl98nm9udjv4lbssl9o83knermit4
