submitted_at,Name of Investment Opportunity,Submitted by,Has any person related to this investment opportunity had any bankruptcies in the past?,Please explain.,Are there any open lawsuits against any person related to this investment?,Please explain.,"Regarding the return structure, what needs to happen in order for the investors to get a return?","Regarding the return structure, what are the backup options?","Regarding the return structure, how long can it take?","Regarding the return structure, please outline how the return will be paid out.",Lay out an example of the fee structure using target money raised and an expected return.,Please explain the debt profile of this investment in layman's terms given the current interest rate situation.,What opportunities are given for investors to exit the investment before the anticipated return event?,What possible recourse can the investor have from being involved in this investment?,"How are the debt covenants structured in layman's terms, and what are the largest risks?",What is the worst-case scenario for this investment?,"What is the expected communication timeline, and how much will be disclosed?",Please provide a recent screenshot of communication sent to your investors.,Are you investing alongside this investment?,"If available for prior deals, share a copy of marketing material used to raise money.",Please explain how the marketing material you shared compared to actual returns.,How many prior investors are involved in this project?,Explain a time when a prior deal went south and how it was handled.,"How many times have you raised money in the past, and have you been able to provide investors with a return?",response_id
2022-11-02T20:21:34Z,Edition Residences,Daniel Motha,False,,False,,Build the condo tower to budget (within reasonable range) and sell the condos at expected pricing (within range discussed).,"If things don't go to plan, there are a few options. 
The units can always be rented if they do not sell.
The units can be sold for less and investors will receive a smaller return.
Limited partners can sell their shares if they need to liquidate.
We can refinance the building and change to rentals. The refinance could potentially return all of the investors investment and provide some cash flow.",30-48months,"As units sell the waterfall is as follows:
Repay debt (Anticipated to be around $100M)
Repay Pref Equity ($5.0M)
Repay LP investment ($18M)
Pay LP pref (12% accrued, paid from deal profit)
Pay LP profit (remaining after the pref above)",Uncertain what fee structure this is referring to,"The construction loan will be around 7.15% over the 30 day SOFR rate which today puts it just over 10%. We will also be buying a cap which means that the rate won't go over the max rate we set which will most likely be 11%. So in layman's terms, the most the rate can go is 11% and if rates begin to recede next year (which we believe they will), we will benefit from a lower rate than the current one.","This is not normal but if there is an urgent need, as we have before, we will consider buying the investment back at Par value.",none,"Standard ""bad boy carveouts""  We promise to be good boys. This means that we have to comply with the loan terms. Standard loan terms include completion guarantee, carry guarantee, environmental indemnification, etc. As long as we build it and pay our interest payments, we won't have a problem.","Absolute worst case, while highly unlikely, would be a loss of investment. We feel we've mitigated many of the risks as discussed.",We provide quarterly updates that disclose spent to date and sales to date and any other pertinent information.,https://api.typeform.com/forms/bE21HxuC/responses/he3wgy20thefk401bw6he3wgyo49zg49/fields/XndEnRl4wqQu/files/7b839dd1fea6-Will_provide.docx,True,,On a prior deal?,2,We went through a rocky time at the beginning of Covid because the Lender we were seeking was scared by Covid. We got through this by getting an additional loan from a large investor of ours that carried us until we were able to secure a new first Lender. He was paid back in full plus interest.,We've raised money for multiple previous deals. We have so far exited 3 deals and they have all been profitable.,he3wgy20thefk401bw6he3wgyo49zg49
