submitted_at,*Who should be the July 2025 MDS Member of the Month?*,response_id
2025-08-07T01:39:41Z,Jasim Eisa,cpco4kautdqpcpcibnpif70nvgec3oci
2025-08-07T14:16:10Z,Ivan Ong,b6gwnwtsxzdgw0v77es03b6goc5o607n
2025-08-08T15:29:04Z,Leslie Pierson,d6e8c1bnfgt3xq1io1d6e8c0b7r4ptpy
2025-08-19T16:15:08Z,Jasim Eisa,op1osehyz5511x28oae2iop1osehs4w1
2025-08-19T16:15:44Z,Jasim Eisa,kzg0yd3njcp2nqp5mcvmbafkzg0ydwy0
2025-08-19T16:20:31Z,Leslie Pierson,73z6vvgol14d0w6oqw73z6vvij80yrax
2025-08-19T16:34:04Z,Leslie Pierson,z7mhvviyylh256lhxtqpoz7mhvqpz1ur
2025-08-19T17:53:21Z,Leslie Pierson,lisawr3l2mf5xy00m22lisayvh837n9v
2025-08-21T01:30:02Z,Leslie Pierson,2023cvabnmula8taa2023cvpaz1re52u
