submitted_at,"Want to upgrade your Membership to $5,997 - Annual and save $2,391?","By opting for the upgrade, we'll send you an invoice for the new fee of $5,997 - Annual.",response_id
2023-05-09T21:01:12Z,"Yes, I want to upgrade",True,do9jkj6dcjcu5awyzxgezodo9jktkbf9
2023-05-10T17:57:31Z,"Yes, I want to upgrade",True,96g6sc0pccpbhzuuwie96g6sp74rxpk6
2023-05-12T02:03:41Z,"Yes, I want to upgrade",True,ropjm8pptwj1p8refqgvropjmpa13uvc
2023-05-12T02:12:40Z,"Yes, I want to upgrade",True,ea4t8r11z3i2ajp6sea4t8rjvkls3jvf
2023-05-12T02:19:39Z,"Yes, I want to upgrade",True,ljlwsikwtwcgxrsjanljlwxygm457lk7
2023-05-12T02:44:20Z,"Yes, I want to upgrade",True,4yik8g1gdvhgz4yikgu59l35v9rgrimg
2023-05-16T15:55:35Z,"Yes, I want to upgrade",True,bh3t6zwkunifr18sabh3tv2i40csrcfk
2023-05-16T18:26:58Z,"Yes, I want to upgrade",True,8tg2npgy7mvqzzzx016fk8tg2npgzj29
2023-08-21T18:33:37Z,"Yes, I want to upgrade",True,bg4tz8av59p17t5hvfbdbg4tz8js6dfz
