submitted_at,*Who should be the October 2024 MDS Member of the Month?*,response_id
2024-11-07T19:42:02Z,"{""id"": ""ZGKVvDIiOxKF""}",8ljf3ka2c5zvuaf8lj0imla8urf260se
2024-11-07T23:45:24Z,"{""id"": ""L46jJqn7hqWa""}",mhh67buuxomgxnk98difokmhh6717vos
2024-11-08T01:56:45Z,"{""id"": ""L46jJqn7hqWa""}",67eipljp0ltyfv53gyt67eip6qm58321
2024-11-08T20:40:34Z,"{""id"": ""rWpjvyaOdFrU""}",hxh2wowig46fxsd1c40hxh2wodzbhmok
2024-11-22T21:33:52Z,Mo Kuhail,icv1n9ggn57pe18n9y00icv1n9v4ow50
2024-11-24T23:15:21Z,Mo Kuhail,rwuh9ypmitiyhjrwuh94z9ubaszm3xpp
2024-11-25T20:19:07Z,Brian Kelsey,thec3pkdqac5adt4q6tthec3pnnbtm5m
2024-11-26T13:50:23Z,Mo Kuhail,x1i1m76pcwffmhbx1i1muonpakez7iwp
2024-12-01T05:21:44Z,Brian Kelsey,g6qdqinklcgjv701g6qdqi67tnq65lec
