submitted_at,Full name,Email,Opt-in to receive monthly call reminders for the Resellers Channel,response_id
2026-04-21T20:39:01Z,Kenny Davies,kenny.davies1@gmail.com,Checkbox default description,b6je4rc1pci83t2rapnlb6jeifnw8loz
2026-04-21T23:29:22Z,Julie Morrison,bravadoholdings@gmail.com,Checkbox default description,4wu3gxdc0sn1kc4wu3gx7imyrjors1bo
2026-04-22T15:19:45Z,David Gerns,dgerns@gmail.com,Checkbox default description,hh775xp4xavp6k4f9sbet0lhh775xpkm
2026-04-23T13:49:55Z,Alex Castillo,Alex@MaxiGadgets.net,Checkbox default description,2x1ocyd003ec2hidlxoi2x1ocydz51gr
2026-05-29T14:01:28Z,William Langford,william@norpacpet.com,Checkbox default description,0kt1n9hr6igxggkbijbye0kt1n94ubj8
2026-05-29T14:13:27Z,Trevor Morris,tmorrisrex@gmail.com,Checkbox default description,lzpnf3q5ysl2ckus1alzpn963h4d71dx
2026-06-11T22:21:54Z,Julian De Salay,jdesalay@jbofficesolutions.com,Checkbox default description,lrq3lls1nyq3stfdlrq3lpepdigwatk8
2026-07-13T20:47:56Z,Charles Chakkalo,charles@joeyzshopping.com,Checkbox default description,qhobw5m6c43da0c0aqhobw1aeqby3c7a
2026-07-13T23:46:55Z,Matthew Turner,mturner@turnersu.com,Checkbox default description,4ckfmpavmqsim2ls4ckfmpaddgqo9a82
