submitted_at,Inspector Name,Date,Venue Name,Venue Website,Venue Type,Venue Type II,Venue Type Additional Comments,Address,Contact Information,Venue Rating in Google Searches,Booking Requirements,Distance from Main Functions,Soundproofing,Ceiling Height,Lighting,Temperature Control,Sound System,Nearest restroom proximity,What is the maximun capacity?,Nearby elevators and entrances/exits?,How late can events run?,Is there a designated area for storage?,Parking availability?,Is it easy to find location?,WiFi usage policy,Please take as many images for the venue as possible,Please take as many images for the venue as possible,Please take as many images for the venue as possible,Please take as many images for the venue as possible,Please take a video of the venue to best view the space,"Rate each of the following on a 5 point scale
(1 being the worst, 5 being the best)",Design,Additional Comments on Design,Ambience,Additional Comments on Ambience,Location,Additional Comments on Location,Pricing,Additional Comments on Pricing,Food,Additional Comments on Food,Beverages,Additional Comments on Beverages,"Service
Attentiveness / Conflict Resolution / Responsiveness",Additional Comments on Service,"Service
Friendliness / Warmth / Personal touches",Additional Comments on Service,Cleanliness,Additional Comments on Cleanliness,Audio & Visual,dca019ca-ea3b-4e8a-ae7b-09f5b1a4887b,971c0462-03d1-4e86-a2f7-ebb67f907c9c,62a7c281-731b-48c2-a7dc-3dc962b2de02,ad5dd720-7efd-48ff-a394-5a7681c8ac21,response_id
2021-05-13T21:29:36Z,Irie Charris,2021-05-13T00:00:00.000Z,MDSx,https://summit.milliondollarsellers.com/puertovallartamembers,Bar,Outdoor,,,,4,By email open availability. Must email the contact attach to make it the booking it is required,Not far about 10 minutes,Ok,20ft,Nice and adjustable,Can be easily modified,Available,Close enough,50,Yes,1am,Yes,Yes,Yes,Accosible,https://api.typeform.com/forms/FTrYGRAf/responses/n43da1sd70dbsfacpjux8n43da10jfkr/fields/ZvsAR1L42ceB/files/005ba3d8e8bc-35C9CCC7_AEAB_4F4A_B74F_D3218EDC78B8.jpeg,https://api.typeform.com/forms/FTrYGRAf/responses/n43da1sd70dbsfacpjux8n43da10jfkr/fields/ZvsAR1L42ceB/files/005ba3d8e8bc-35C9CCC7_AEAB_4F4A_B74F_D3218EDC78B8.jpeg,https://api.typeform.com/forms/FTrYGRAf/responses/n43da1sd70dbsfacpjux8n43da10jfkr/fields/ZvsAR1L42ceB/files/005ba3d8e8bc-35C9CCC7_AEAB_4F4A_B74F_D3218EDC78B8.jpeg,https://api.typeform.com/forms/FTrYGRAf/responses/n43da1sd70dbsfacpjux8n43da10jfkr/fields/ZvsAR1L42ceB/files/005ba3d8e8bc-35C9CCC7_AEAB_4F4A_B74F_D3218EDC78B8.jpeg,https://api.typeform.com/forms/FTrYGRAf/responses/n43da1sd70dbsfacpjux8n43da10jfkr/fields/xIO3DwDW55uU/files/263100627ef0-378C8B7B_CCF6_4A44_95AA_B258AD7FCAC8.jpeg,,4,,3,,4,,5,,5,,5,,5,,5,,5,,,bespoke@bonai.co,+19545628230,,,n43da1sd70dbsfacpjux8n43da10jfkr
2021-05-15T14:44:10Z,Jesse Sells,2021-05-15T00:00:00.000Z,Glorietta,https://www.gloriettajackson.com/,Restaurant,Indoor,For offsite dinner or cocktail consideration,"242 GLENWOOD ST.
PO BOX 486    
JACKSON, WYOMING 83001",,5,full buyout - tbd on deposit,From hotel its a 4 minute drive or 22 minute walk,inside very insulated from street noise,na,very warm ambient side lighting. think saloon style with wainscotting and orb-like sconces,tbd,tbd,in restaurant,"90 seated, standing may be able to go much higher if doing reception style and using outdoor balcony space",multiple exit/entrances,tbd,tbd,"street parking, and may have lot parking too",very easy. in the center of town,tbd,https://api.typeform.com/forms/FTrYGRAf/responses/7v1fch05eu8fpu64rse7v1fcgzrr18uw/fields/ZvsAR1L42ceB/files/faa474222d70-Untitled_design.pdf,https://api.typeform.com/forms/FTrYGRAf/responses/7v1fch05eu8fpu64rse7v1fcgzrr18uw/fields/ZvsAR1L42ceB/files/faa474222d70-Untitled_design.pdf,https://api.typeform.com/forms/FTrYGRAf/responses/7v1fch05eu8fpu64rse7v1fcgzrr18uw/fields/ZvsAR1L42ceB/files/faa474222d70-Untitled_design.pdf,https://api.typeform.com/forms/FTrYGRAf/responses/7v1fch05eu8fpu64rse7v1fcgzrr18uw/fields/ZvsAR1L42ceB/files/faa474222d70-Untitled_design.pdf,https://api.typeform.com/forms/FTrYGRAf/responses/7v1fch05eu8fpu64rse7v1fcgzrr18uw/fields/xIO3DwDW55uU/files/42586909c821-IMG_3733.HEIC,,5,"Saloon meets woodfire meets trattoria. Feels like a upscale neighborhood spot you'd go to in NYC or SF. Lots of warm sconce lighting, tiled floor, wood pannel and wainscotting throughout. Cozy and intimate interior and balconys on two sides",5,very inviting and hospitable. you feel good as soon as you enter the space,5,Location is ideally located in town but off the main drag. 4 min drive from hotel,4,"food was pricey, but not outrageous. seemed fitting with other similar spots in town",4,"Food was pretty solid. Being extra picky, everything was a bit rich and salty, but flavors were bold, hearty, and good portion size",5,strong cocktail program. death and co consults for their drinks. everything is well balanced and something for everyone.,5,Super warm and friendly. staff and manager Taylor were all very kind.,5,Super warm and friendly. staff and manager Taylor were all very kind.,5,nothing stood out as dirty or unkept,,taylor@gloriettajackson.com,+13077333888,tbd,na,7v1fch05eu8fpu64rse7v1fcgzrr18uw
2021-05-16T04:49:07Z,Jesse Sells,2021-05-15T00:00:00.000Z,Diamond Cross Ranch,http://www.diamondcrossranch.com/,Breakout Room,Indoor,For day trip- horse whisper demo and maybe catering,"24340 N Diamond Cross Rd,
Jackson Hole, WY 83013",,5,TBD,45 min - 1 hour from hotel,NA,very high! need exact details from contact,"lots of natural light, market string lights, overhead can light fixtures",TBD,PA speakers were there but didnt see sound system,restrooms on site,TBD,NA on elevators. Exits/Entrances in multiple spots,TBD,yes,lots,fairly easy off the main hwy,tbd,https://api.typeform.com/forms/FTrYGRAf/responses/rf9r7e4qts2z6aqru4ax6rf9r7e4mw8o/fields/ZvsAR1L42ceB/files/00d1828029a1-DJI_20210514_171045_336.JPG,https://api.typeform.com/forms/FTrYGRAf/responses/rf9r7e4qts2z6aqru4ax6rf9r7e4mw8o/fields/ZvsAR1L42ceB/files/00d1828029a1-DJI_20210514_171045_336.JPG,https://api.typeform.com/forms/FTrYGRAf/responses/rf9r7e4qts2z6aqru4ax6rf9r7e4mw8o/fields/ZvsAR1L42ceB/files/00d1828029a1-DJI_20210514_171045_336.JPG,https://api.typeform.com/forms/FTrYGRAf/responses/rf9r7e4qts2z6aqru4ax6rf9r7e4mw8o/fields/ZvsAR1L42ceB/files/00d1828029a1-DJI_20210514_171045_336.JPG,https://api.typeform.com/forms/FTrYGRAf/responses/rf9r7e4qts2z6aqru4ax6rf9r7e4mw8o/fields/xIO3DwDW55uU/files/20b949bff6df-DJI_20210514_171214_184.JPG,,4,barn/ranch feel. very spacious. incredible 360 views,5,Would feel really good with people there and live activations/demos for an event,5,Its a bit further away but really gives you full flavor of the land and natural surrounds.,4,Pricing TBD,3,Would need caterers,3,Need Caterers,5,NA,5,NA,3,"Its a barn, so its got dirt. but its part of the feel",,lauren@diamondcrossranch.com,+18643548766,TBD. will probably need AV company,NA,rf9r7e4qts2z6aqru4ax6rf9r7e4mw8o
2021-07-09T21:11:11Z,Courtney Lee,2021-07-09T00:00:00.000Z,The Four Seasons Seattle,https://www.fourseasons.com/seattle,Hotel,Indoor,"Ballroom for meeting, Marketside Rooftop for Cocktail/Dinner","99 Union St, Seattle, WA 98101",,5,"Coordinate the group sales manager, Kaitlyn Buffington by EOD today","Approximately 50 yards from lobby to Marketplace rooftop (need to go outside of hotel to walk over to the rooftop) 
Meeting room to lobby is right down the stairs.",great - can't hear the hussle and bussle from the streets in the meeting rooms,didn't know the actually height but the ballroom had really high ceilings and gorgeous chandelier lighting,good - can be controlled (theres a panel in the room) also natural lighting from windows,can also be controlled (panel inside ballroom),Yes built in sound system in the ballroom,"Right next to elevators around the corner of ballroom. However, need to go to lobby from the marketside rooftop for the restrooms there","Ballroom U-shape is 55, Marketside is 120 (firecode) but she said max 50 is is reccommended",nearby for both spaces - also one for handicap,10 pm,yes - Ash room right next door ballroom,"Valet parking $35 event, $55 overnight or Russell parking lot across the street $20 early bird and $35 overnight",Easy - hotel is at the end of the street with a dead end so it's easy to come through and pull in and not alot of traffic,complimentary wifi can be used - asked about separate meeting space wifi and she said she will look into that. Could be negotiated,https://api.typeform.com/forms/FTrYGRAf/responses/ibfba2zb44801w7891vbk5mpibfba2z1/fields/ZvsAR1L42ceB/files/66314374611d-IMG_0477.HEIC,https://api.typeform.com/forms/FTrYGRAf/responses/ibfba2zb44801w7891vbk5mpibfba2z1/fields/ZvsAR1L42ceB/files/66314374611d-IMG_0477.HEIC,https://api.typeform.com/forms/FTrYGRAf/responses/ibfba2zb44801w7891vbk5mpibfba2z1/fields/ZvsAR1L42ceB/files/66314374611d-IMG_0477.HEIC,https://api.typeform.com/forms/FTrYGRAf/responses/ibfba2zb44801w7891vbk5mpibfba2z1/fields/ZvsAR1L42ceB/files/66314374611d-IMG_0477.HEIC,https://api.typeform.com/forms/FTrYGRAf/responses/ibfba2zb44801w7891vbk5mpibfba2z1/fields/xIO3DwDW55uU/files/b65f59ccd157-IMG_0459.MOV,,5,"beautiful hotel, great views",5,,5,,4,may be on the pricey end,4,Didn't eat any of their food so can't rate,4,didn't have any beverages so can't rate,5,Very friendly,5,Very friendly,5,,,kaitlyn.buffington@fourseasons.com,+12067493903,"all meeting rooms have screens, projectors, and sound all built in which is awesome. Our ballroom would have two screens",Encore is also their AV provider so they will be on site if needed,ibfba2zb44801w7891vbk5mpibfba2z1
2021-07-09T21:41:29Z,Courtney Lee,2021-07-09T00:00:00.000Z,The Thompson Hotel Seattle,https://www.thompsonhotels.com,Hotel,Indoor,Indoor meeting space - option to do cocktail/dinner at the Nest Rooftop - however this is a very tight space to hold both. We could do dinner in their restaurant inside and have cocktail reception on the rooftop,"110 Stewart St, Seattle, WA 98101",,4,Need to email Isabel to let her know EOD today as well because rooms cannot be held,"Restaurant is on 1st floor (lobby), 2nd floor meeting space, rooftop is 13 floors above",meeting rooms are sound proof - the nest is open to the public but we have a section blocked off for us,low ceiling for meeting rooms - I felt claustrophobic,natural lighting - but the overall hotel feel felt dimmy,can't be controlled through the room but hotel staff can do it,sound system through hotel AV partner yes - we'll need to contract through that. No speakers are allowed up on the rooftop because it's open to public. we could skip the rooftop and have the cocktail and dinner downstairs in the restaurant but no view,just around the corner near elevators,maximum in ballroom 40 - rooftop space is 50,"elevators are nearby, entrance/valet is not the best - on a very busy street",11 pm,yes,valet parking - $45 overnight / $18 for 3 hours,traffic congestion - corner property but seattle has a lot of one way streets,complimentary wifi - need to ask about setting up our own,https://api.typeform.com/forms/FTrYGRAf/responses/okykc3hd7utrwaiokykc31yyq6zudeg7/fields/ZvsAR1L42ceB/files/c409ee05d789-IMG_0487.HEIC,https://api.typeform.com/forms/FTrYGRAf/responses/okykc3hd7utrwaiokykc31yyq6zudeg7/fields/ZvsAR1L42ceB/files/c409ee05d789-IMG_0487.HEIC,https://api.typeform.com/forms/FTrYGRAf/responses/okykc3hd7utrwaiokykc31yyq6zudeg7/fields/ZvsAR1L42ceB/files/c409ee05d789-IMG_0487.HEIC,https://api.typeform.com/forms/FTrYGRAf/responses/okykc3hd7utrwaiokykc31yyq6zudeg7/fields/ZvsAR1L42ceB/files/c409ee05d789-IMG_0487.HEIC,https://api.typeform.com/forms/FTrYGRAf/responses/okykc3hd7utrwaiokykc31yyq6zudeg7/fields/xIO3DwDW55uU/files/fa1e33d3b6fb-IMG_0484.MOV,,4,"The overall feel of the hotel is dark, rooftop is really nice but rooms & meeting rooms are small",3,trendy and cute but different vibe than others.,3,traffic congestion,4,not sure yet,4,don't know,4,don't know,4,Isabel was nice but also didn't know a lot of answers and didn't have any notes or anything with her.,4,Isabel was nice but also didn't know a lot of answers and didn't have any notes or anything with her.,4,,,isabel.scarpelli@thompsonhotels.com,+12069205883,All rented through AV partner,need to contract through AV Company,okykc3hd7utrwaiokykc31yyq6zudeg7
2021-07-09T21:56:24Z,Courtney Lee,2021-07-09T00:00:00.000Z,Hotel 1000,https://www.hotel1000seattle.com/,Hotel,Indoor,"Cocktail space is a indoor/outdoor area, dinner would be in a meeting room indoor,","1000 1st Ave, Seattle, WA 98104",,4,Need to contact leslie,"Meeting room - floor 2 
Cocktail/dinner - floor 4
Fitness center/golf club - basement",rooms are soundproof,low,"some natural lighting, also can be controlled",can be controlled,no - need to bring in AV,around the corner,40 for meeting rooms/dinner,right next to space,10 pm,yes,"valet parking - $30 overnight, $15 for event","yes but do to all one way streets, you may have to make a giant u-turn to get to the valet","complimentary, IT can set up our own network if we want to. Additional cost",https://api.typeform.com/forms/FTrYGRAf/responses/jjmh1u456fht413vjjml9t0d56w0ynal/fields/ZvsAR1L42ceB/files/9570485a63fb-IMG_0544.HEIC,https://api.typeform.com/forms/FTrYGRAf/responses/jjmh1u456fht413vjjml9t0d56w0ynal/fields/ZvsAR1L42ceB/files/9570485a63fb-IMG_0544.HEIC,https://api.typeform.com/forms/FTrYGRAf/responses/jjmh1u456fht413vjjml9t0d56w0ynal/fields/ZvsAR1L42ceB/files/9570485a63fb-IMG_0544.HEIC,https://api.typeform.com/forms/FTrYGRAf/responses/jjmh1u456fht413vjjml9t0d56w0ynal/fields/ZvsAR1L42ceB/files/9570485a63fb-IMG_0544.HEIC,https://api.typeform.com/forms/FTrYGRAf/responses/jjmh1u456fht413vjjml9t0d56w0ynal/fields/xIO3DwDW55uU/files/d9e8f5cc5df5-IMG_0530.MOV,,4,,4,"great ambiance in front entrance, not the greatest meeting space",4,,4,not sure yet,4,don't know,4,don't know,4,Front desk/valet were great - so was Leslie,4,Front desk/valet were great - so was Leslie,4,,,leslie.mercado@evolutionhospitality.com,+19516422964,Need to rent through Encore,need to rent through encore,jjmh1u456fht413vjjml9t0d56w0ynal
