submitted_at,Name,What is your brand?,Would your brand like to participate in a specific TikTok Shop campaign tied to this event (offering an additional commission percentage for creators)?,Please add you shop code,Would you like to offer a special contest to encourage creators to post during the event (or within 24 hours)?,e3569c27-fc53-4273-af0d-ca4c2404b387,75f70541-406f-45b9-8231-323e7f72d1cf,response_id
2025-11-11T15:50:49Z,,First Day,Yes,USLCQFEWCG,"First Day is giving winner a one-year supply of First Day vitamins (36 bottles total, customized across their choice of our Multivitamins, Tribiotics, Calming Magnesium, and NEW Brain Focus lines) valued at approximately $2,112 MSRP",Lola,Rodriguez,vqrwicwbnlh7zwrnvqettxeiifjogyhq
2025-11-11T16:04:43Z,,Finn Wellness Inc,Yes,USLCQJE7WD,Yes – we're offering all creators that post within 24 hours a special gift card,Laura,Meschini,p8agaglknh1pniap8ag6bsh4tsht4023
2025-11-11T16:39:44Z,,Mighty Paw,Yes,USLCBWELVR,We'd like to offer all creators who post within 24 hours of the event a 25% commission on their sales.,Cory,Turner,gyg8n2z1qw3zadgyg8uxacaxg7lbdjap
2025-11-11T21:47:37Z,,ZoCo Products,Yes,ZoCo-TikTok,Yes,Peter,Weisberg,xkwd8k57937yffqx5xkwdstfwia5t0mx
2025-11-12T17:23:02Z,,Trtl,Yes,USLCU7E47Q,"(1) any creator posting during the event will be entered to win a $750 airline gift card.

(1) any creator to post within 24 hours of the event will also be entered in a raffle to win a $750 airline gift card.

(1) stop by the booth for your exclusive swag bag!",Michael,Corrigan,6theyr48zqoyy6zq6theynbcctwnzrrq
2025-11-12T18:27:57Z,,Vibras,Yes,USUSLCK9ED4Q,$100 Cash Prize,Mike,Sill,tps4c07nyfl7ng29jtp43ro04vk0ebbx
2025-11-12T21:40:44Z,,Menfirst,Yes,USLC7GEY9J,If posts within 24 hours - Will receive $150 Menfirst Credit,Beatriz,Nahuz,67vs4s73bhk4vju6067vs4s13xskr1bq
