submitted_at,Vote for the best #Value Add,response_id
2025-09-12T15:41:39Z,Saurabh Srivastava,56z0px3ilxw86tt4tldr56z0pxs2ggzh
2025-09-12T15:41:48Z,Nigel Lan,wmkri9bu4wtdd97zjwm3awicjptqfjk8
2025-09-12T15:41:49Z,Saurabh Srivastava,w3rqxvo05i4kl1q5x00iw3rqxvn0z0lc
2025-09-12T15:41:51Z,Sanjay Chandiram,l888yzizkzh9euhil888ybrcw6htmbdu
2025-09-12T15:41:54Z,Sebastian Dodd,1e4y3kn5boy4xq7h1e4yv8x6bs8703fv
2025-09-12T15:42:13Z,Sebastian Dodd,yh3g0wvpt2l2ohbdld8oyh3g0wvpp4df
2025-09-12T15:42:17Z,Lian Sun,2fz44c4ywtq302uomtv2fz4dzk4q0qs5
2025-09-12T15:42:38Z,Lian Sun,swcfyeofnwqpddtthvfkdswcfyeue7c1
2025-09-12T15:43:31Z,Lian Sun,px3wnnrctsusufpx3wwhl1sx2sbmf7bx
